<?xml version="1.0"?>
<doc>
    <assembly>
        <name>LAPISSeverWebAPI</name>
    </assembly>
    <members>
        <member name="T:LAPISSeverWebAPI.Controllers.AccountController">
            <summary>用户登录信息</summary>
        </member>
        <member name="F:LAPISSeverWebAPI.Controllers.AccountController.dbsysUserInfoIServices">
            <summary>获取用户信息</summary>
        </member>
        <member name="F:LAPISSeverWebAPI.Controllers.AccountController.dbRoleIServices">
            <summary>获取角色信息</summary>
        </member>
        <member name="M:LAPISSeverWebAPI.Controllers.AccountController.#ctor(LAPISSeverWebAPI.IServices.sysUserInfoIServices,LAPISSeverWebAPI.IServices.RoleIServices,LAPISSeverWebAPI.Common.HttpContextUser.IUser)">
            <summary></summary>
            <param name="_dbsysUserInfoIServices"></param>
            <param name="_dbRoleIServices"></param>
            <param name="_dbUse"></param>
        </member>
        <member name="M:LAPISSeverWebAPI.Controllers.AccountController.SystemLogin(LAPISSeverWebAPI.Model.ViewModel.ViewLogin)">
            <summary>系统登录</summary>
            <param name="model"></param>
            <returns></returns>
        </member>
        <member name="M:LAPISSeverWebAPI.Controllers.AccountController.GetLoginRole(LAPISSeverWebAPI.Model.ViewModel.ViewLoginRole)">
            <summary>获取角色信息</summary>
            <param name="model"></param>
            <returns></returns>
        </member>
        <member name="M:LAPISSeverWebAPI.Controllers.AccountController.GetUserinfo">
            <summary>获取用户信息</summary>
            <returns></returns>
        </member>
        <member name="M:LAPISSeverWebAPI.Controllers.AccountController.Getrefreshtoken(LAPISSeverWebAPI.Model.ViewModel.Viewtrefreshtoken)">
            <summary>刷新token</summary>
            <param name="model"></param>
            <returns></returns>
        </member>
        <member name="T:LAPISSeverWebAPI.Controllers.AlipayController">
            <summary>支付宝下单控制器&gt;https://gitee.com/essensoft/payment(支付文档说明)</summary>
        </member>
        <member name="F:LAPISSeverWebAPI.Controllers.AlipayController._client">
            <summary>https://gitee.com/essensoft/payment(支付文档说明)</summary>
        </member>
        <member name="M:LAPISSeverWebAPI.Controllers.AlipayController.#ctor(Essensoft.AspNetCore.Payment.Alipay.IAlipayClient,Microsoft.Extensions.Options.IOptions{Essensoft.AspNetCore.Payment.Alipay.AlipayOptions})">
            <summary></summary>
            <param name="client"></param>
            <param name="optionsAccessor"></param>
        </member>
        <member name="M:LAPISSeverWebAPI.Controllers.AlipayController.PreCreate(LAPISSeverWebAPI.Model.ViewModel.ViewPayment.AlipayTradePreCreateViewModel)">
            <summary>当面付-扫码支付</summary>
        </member>
        <member name="M:LAPISSeverWebAPI.Controllers.AlipayController.Pay(LAPISSeverWebAPI.Model.ViewModel.ViewPayment.AlipayTradePayViewModel)">
            <summary>当面付-二维码/条码/声波支付</summary>
        </member>
        <member name="M:LAPISSeverWebAPI.Controllers.AlipayController.AppPay(LAPISSeverWebAPI.Model.ViewModel.ViewPayment.AlipayTradeAppPayViewModel)">
            <summary>APP支付</summary>
        </member>
        <member name="M:LAPISSeverWebAPI.Controllers.AlipayController.PagePay(LAPISSeverWebAPI.Model.ViewModel.ViewPayment.AlipayTradePagePayViewModel)">
            <summary>电脑网站支付</summary>
            <param name="viewModel"></param>
        </member>
        <member name="M:LAPISSeverWebAPI.Controllers.AlipayController.WapPay(LAPISSeverWebAPI.Model.ViewModel.ViewPayment.AlipayTradeWapPayViewModel)">
            <summary>手机网站支付</summary>
        </member>
        <member name="M:LAPISSeverWebAPI.Controllers.AlipayController.Query(LAPISSeverWebAPI.Model.ViewModel.ViewPayment.AlipayTradeQueryViewModel)">
            <summary>交易查询</summary>
        </member>
        <member name="M:LAPISSeverWebAPI.Controllers.AlipayController.Refund(LAPISSeverWebAPI.Model.ViewModel.ViewPayment.AlipayTradeRefundViewModel)">
            <summary>交易退款</summary>
        </member>
        <member name="M:LAPISSeverWebAPI.Controllers.AlipayController.RefundQuery(LAPISSeverWebAPI.Model.ViewModel.ViewPayment.AlipayTradeRefundQueryViewModel)">
            <summary>退款查询</summary>
        </member>
        <member name="M:LAPISSeverWebAPI.Controllers.AlipayController.AccountQuery(LAPISSeverWebAPI.Model.ViewModel.ViewPayment.AlipayAccountQueryViewModel)">
            <summary>余额查询</summary>
        </member>
        <member name="T:LAPISSeverWebAPI.Controllers.AlipayNotifyController">
            <summary>支付宝回调</summary>
        </member>
        <member name="M:LAPISSeverWebAPI.Controllers.AlipayNotifyController.Gateway">
            <summary>应用网关</summary>
            <returns></returns>
        </member>
        <member name="M:LAPISSeverWebAPI.Controllers.AlipayNotifyController.Precreate">
            <summary>扫码支付异步通知</summary>
        </member>
        <member name="M:LAPISSeverWebAPI.Controllers.AlipayNotifyController.AppPay">
            <summary>APP支付异步通知</summary>
        </member>
        <member name="M:LAPISSeverWebAPI.Controllers.AlipayNotifyController.PagePay">
            <summary>电脑网站支付异步通知</summary>
        </member>
        <member name="M:LAPISSeverWebAPI.Controllers.AlipayNotifyController.WapPay">
            <summary>手机网站支付异步通知</summary>
        </member>
        <member name="M:LAPISSeverWebAPI.Controllers.AlipayNotifyController.Close">
            <summary>交易关闭异步通知</summary>
        </member>
        <member name="T:LAPISSeverWebAPI.Controllers.AlipayReturnController">
            <summary>支付宝回调</summary>
        </member>
        <member name="M:LAPISSeverWebAPI.Controllers.AlipayReturnController.PagePay">
            <summary>电脑网站支付 - 同步跳转</summary>
        </member>
        <member name="M:LAPISSeverWebAPI.Controllers.AlipayReturnController.WapPay">
            <summary>手机网站支付 - 同步跳转</summary>
        </member>
        <member name="T:LAPISSeverWebAPI.Controllers.Log1Controller">
            <summary>添加日志实例</summary>
        </member>
        <member name="M:LAPISSeverWebAPI.Controllers.Log1Controller.#ctor(Microsoft.Extensions.Logging.ILogger{LAPISSeverWebAPI.Controllers.Log1Controller})">
            <summary></summary>
        </member>
        <member name="M:LAPISSeverWebAPI.Controllers.Log1Controller.Log">
            <summary>添加日志</summary>
            <returns></returns>
        </member>
        <member name="T:LAPISSeverWebAPI.Controllers.PermissionController">
            <summary>权限管理</summary>
        </member>
        <member name="M:LAPISSeverWebAPI.Controllers.PermissionController.#ctor(LAPISSeverWebAPI.Common.HttpContextUser.IUser,LAPISSeverWebAPI.IServices.PermissionIServices)">
            <summary></summary>
            <param name="_user"></param>
            <param name="_dbpermissionIServices"></param>
        </member>
        <member name="M:LAPISSeverWebAPI.Controllers.PermissionController.GetMenuTree">
            <summary>根据角色获取菜单</summary>
            <returns></returns>
        </member>
        <member name="M:LAPISSeverWebAPI.Controllers.PermissionController.GetMenuTreeAll">
            <summary>获取所有菜单</summary>
        </member>
        <member name="M:LAPISSeverWebAPI.Controllers.PermissionController.Create(LAPISSeverWebAPI.Model.ViewModel.ViewCreatePermission)">
            <summary>添加菜单</summary>
            <param name="model"></param>
            <returns></returns>
        </member>
        <member name="M:LAPISSeverWebAPI.Controllers.PermissionController.Getdetails(System.Int32)">
            <summary>获取菜单详情信息</summary>
            <param name="id"></param>
            <returns></returns>
        </member>
        <member name="M:LAPISSeverWebAPI.Controllers.PermissionController.Edit(LAPISSeverWebAPI.Model.ViewModel.ViewEditPermission)">
            <summary>编辑菜单</summary>
            <param name="model"></param>
            <returns></returns>
        </member>
        <member name="M:LAPISSeverWebAPI.Controllers.PermissionController.Del(System.Int32)">
            <summary>删除菜单</summary>
            <param name="id"></param>
            <returns></returns>
        </member>
        <member name="T:LAPISSeverWebAPI.Controllers.RoleController">
            <summary>角色信息</summary>
        </member>
        <member name="F:LAPISSeverWebAPI.Controllers.RoleController.mapper">
            <summary></summary>
        </member>
        <member name="M:LAPISSeverWebAPI.Controllers.RoleController.#ctor(AutoMapper.IMapper,LAPISSeverWebAPI.IServices.RoleIServices)">
            <summary></summary>
            <param name="_mapper"></param>
            <param name="_roleIServices"></param>
        </member>
        <member name="M:LAPISSeverWebAPI.Controllers.RoleController.GetRoleList">
            <summary>获取角色集合</summary>
            <returns></returns>
        </member>
        <member name="M:LAPISSeverWebAPI.Controllers.RoleController.GetRolePage(System.Int32,System.Int32,System.String)">
            <summary>获取角色列表</summary>
            <returns></returns>
        </member>
        <member name="M:LAPISSeverWebAPI.Controllers.RoleController.GetRole(System.Int32)">
            <summary>获取用户信息</summary>
            <returns></returns>
        </member>
        <member name="M:LAPISSeverWebAPI.Controllers.RoleController.Create(LAPISSeverWebAPI.Model.ViewModel.ViewCreateRole)">
            <summary>添加角色</summary>
            <param name="model"></param>
            <returns></returns>
        </member>
        <member name="M:LAPISSeverWebAPI.Controllers.RoleController.Edit(LAPISSeverWebAPI.Model.ViewModel.ViewEditRole)">
            <summary>编辑角色</summary>
            <param name="model"></param>
            <returns></returns>
        </member>
        <member name="M:LAPISSeverWebAPI.Controllers.RoleController.Del(System.Int32)">
            <summary>删除角色</summary>
            <param name="id"></param>
            <returns></returns>
        </member>
        <member name="T:LAPISSeverWebAPI.Controllers.RolepermissionController">
            <summary></summary>
        </member>
        <member name="M:LAPISSeverWebAPI.Controllers.RolepermissionController.#ctor(LAPISSeverWebAPI.IServices.RolepermissionIServices)">
            <summary></summary>
            <param name="_rolepermissionIServices"></param>
        </member>
        <member name="T:LAPISSeverWebAPI.Controllers.SysUserController">
            <summary>用户信息</summary>
        </member>
        <member name="F:LAPISSeverWebAPI.Controllers.SysUserController.dbsysUserInfoIServices">
            <summary>获取用户信息</summary>
        </member>
        <member name="F:LAPISSeverWebAPI.Controllers.SysUserController.unitOfWork">
            <summary></summary>
        </member>
        <member name="M:LAPISSeverWebAPI.Controllers.SysUserController.#ctor(LAPISSeverWebAPI.Common.HttpContextUser.IUser,AutoMapper.IMapper,LAPISSeverWebAPI.Repository.UnitOfWork.IUnitOfWork,LAPISSeverWebAPI.IServices.sysUserInfoIServices,LAPISSeverWebAPI.IServices.RoleIServices,LAPISSeverWebAPI.IServices.UserRoleIServices)">
            <summary></summary>
            <param name="_user"></param>
            <param name="_mapper"></param>
            <param name="_unitOfWork"></param>
            <param name="_dbsysUserInfoIServices"></param>
            <param name="_roleIServices"></param>
            <param name="_userRoleIServices"></param>
        </member>
        <member name="M:LAPISSeverWebAPI.Controllers.SysUserController.GetUserPage(System.Int32,System.Int32,System.String)">
            <summary>获取用户列表</summary>
            <param name="PageIndex"></param>
            <param name="PageSize"></param>
            <param name="search"></param>
            <returns></returns>
        </member>
        <member name="M:LAPISSeverWebAPI.Controllers.SysUserController.GetUser(System.Int32)">
            <summary>获取用户信息</summary>
            <returns></returns>
        </member>
        <member name="M:LAPISSeverWebAPI.Controllers.SysUserController.Create(LAPISSeverWebAPI.Model.ViewModel.ViewCreateUser)">
            <summary>创建用户</summary>
            <param name="model"></param>
            <returns></returns>
        </member>
        <member name="M:LAPISSeverWebAPI.Controllers.SysUserController.Edit(LAPISSeverWebAPI.Model.ViewModel.ViewEditUser)">
            <summary>编辑用户</summary>
            <param name="model"></param>
            <returns></returns>
        </member>
        <member name="M:LAPISSeverWebAPI.Controllers.SysUserController.Del(System.Int32)">
            <summary>删除</summary>
            <param name="id"></param>
            <returns></returns>
        </member>
        <member name="M:LAPISSeverWebAPI.Controllers.SysUserController.isDelete(System.Int32,System.Boolean)">
            <summary>更改用户状态</summary>
            <param name="id"></param>
            <param name="isDelete"></param>
            <returns></returns>
        </member>
        <member name="T:LAPISSeverWebAPI.Controllers.WeChatPayController">
            <summary>微信支付</summary>
        </member>
        <member name="M:LAPISSeverWebAPI.Controllers.WeChatPayController.MicroPay(LAPISSeverWebAPI.Model.ViewModel.ViewPayment.WeChatPayMicroPayViewModel)">
            <summary>刷卡支付</summary>
            <param name="viewModel"></param>
        </member>
        <member name="M:LAPISSeverWebAPI.Controllers.WeChatPayController.PubPay(LAPISSeverWebAPI.Model.ViewModel.ViewPayment.WeChatPayPubPayViewModel)">
            <summary>公众号支付</summary>
            <param name="viewModel"></param>
        </member>
        <member name="M:LAPISSeverWebAPI.Controllers.WeChatPayController.QrCodePay(LAPISSeverWebAPI.Model.ViewModel.ViewPayment.WeChatPayQrCodePayViewModel)">
            <summary>扫码支付</summary>
            <param name="viewModel"></param>
        </member>
        <member name="M:LAPISSeverWebAPI.Controllers.WeChatPayController.AppPay(LAPISSeverWebAPI.Model.ViewModel.ViewPayment.WeChatPayAppPayViewModel)">
            <summary>APP支付</summary>
            <param name="viewModel"></param>
        </member>
        <member name="M:LAPISSeverWebAPI.Controllers.WeChatPayController.H5Pay(LAPISSeverWebAPI.Model.ViewModel.ViewPayment.WeChatPayH5PayViewModel)">
            <summary>H5支付</summary>
            <param name="viewModel"></param>
        </member>
        <member name="M:LAPISSeverWebAPI.Controllers.WeChatPayController.MiniProgramPay(LAPISSeverWebAPI.Model.ViewModel.ViewPayment.WeChatPayMiniProgramPayViewModel)">
            <summary>小程序支付</summary>
            <param name="viewModel"></param>
        </member>
        <member name="M:LAPISSeverWebAPI.Controllers.WeChatPayController.OrderQuery(LAPISSeverWebAPI.Model.ViewModel.ViewPayment.WeChatPayOrderQueryViewModel)">
            <summary>查询订单</summary>
            <param name="viewModel"></param>
        </member>
        <member name="M:LAPISSeverWebAPI.Controllers.WeChatPayController.Reverse(LAPISSeverWebAPI.Model.ViewModel.ViewPayment.WeChatPayReverseViewModel)">
            <summary>撤销订单</summary>
            <param name="viewModel"></param>
        </member>
        <member name="M:LAPISSeverWebAPI.Controllers.WeChatPayController.CloseOrder(LAPISSeverWebAPI.Model.ViewModel.ViewPayment.WeChatPayCloseOrderViewModel)">
            <summary>关闭订单</summary>
            <param name="viewModel"></param>
        </member>
        <member name="M:LAPISSeverWebAPI.Controllers.WeChatPayController.Refund(LAPISSeverWebAPI.Model.ViewModel.ViewPayment.WeChatPayRefundViewModel)">
            <summary>申请退款</summary>
            <param name="viewModel"></param>
        </member>
        <member name="M:LAPISSeverWebAPI.Controllers.WeChatPayController.RefundQuery(LAPISSeverWebAPI.Model.ViewModel.ViewPayment.WeChatPayRefundQueryViewModel)">
            <summary>查询退款</summary>
            <param name="viewModel"></param>
        </member>
        <member name="M:LAPISSeverWebAPI.Controllers.WeChatPayController.DownloadBill(LAPISSeverWebAPI.Model.ViewModel.ViewPayment.WeChatPayDownloadBillViewModel)">
            <summary>下载对账单</summary>
            <param name="viewModel"></param>
        </member>
        <member name="M:LAPISSeverWebAPI.Controllers.WeChatPayController.DownloadFundFlow(LAPISSeverWebAPI.Model.ViewModel.ViewPayment.WeChatPayDownloadFundFlowViewModel)">
            <summary>下载资金账单</summary>
            <param name="viewModel"></param>
        </member>
        <member name="M:LAPISSeverWebAPI.Controllers.WeChatPayController.Transfers(LAPISSeverWebAPI.Model.ViewModel.ViewPayment.WeChatPayTransfersViewModel)">
            <summary>企业付款到零钱</summary>
            <param name="viewModel"></param>
        </member>
        <member name="M:LAPISSeverWebAPI.Controllers.WeChatPayController.GetTransferInfo(LAPISSeverWebAPI.Model.ViewModel.ViewPayment.WeChatPayGetTransferInfoViewModel)">
            <summary>查询企业付款</summary>
            <param name="viewModel"></param>
        </member>
        <member name="M:LAPISSeverWebAPI.Controllers.WeChatPayController.PayBank(LAPISSeverWebAPI.Model.ViewModel.ViewPayment.WeChatPayPayBankViewModel)">
            <summary>企业付款到银行卡</summary>
            <param name="viewModel"></param>
        </member>
        <member name="M:LAPISSeverWebAPI.Controllers.WeChatPayController.QueryBank(LAPISSeverWebAPI.Model.ViewModel.ViewPayment.WeChatPayQueryBankViewModel)">
            <summary>查询企业付款银行卡</summary>
            <param name="viewModel"></param>
        </member>
        <member name="M:LAPISSeverWebAPI.Controllers.WeChatPayController.GetPublicKey">
            <summary>获取RSA加密公钥</summary>
        </member>
        <member name="M:LAPISSeverWebAPI.Controllers.WeChatPayController.ProfitSharingAddReceiver(LAPISSeverWebAPI.Model.ViewModel.ViewPayment.WeChatPayProfitSharingAddReceiverViewModel)">
            <summary>添加分账接收方</summary>
        </member>
        <member name="T:LAPISSeverWebAPI.Controllers.WeChatPayNotifyController">
            <summary>微信回调</summary>
        </member>
        <member name="M:LAPISSeverWebAPI.Controllers.WeChatPayNotifyController.Unifiedorder">
            <summary>统一下单支付结果通知</summary>
        </member>
        <member name="M:LAPISSeverWebAPI.Controllers.WeChatPayNotifyController.Refund">
            <summary>退款结果通知</summary>
        </member>
        <member name="T:LAPISSeverWebAPI.CorsService.AuthStartupExtension">
            <summary></summary>
        </member>
        <member name="M:LAPISSeverWebAPI.CorsService.AuthStartupExtension.UseAuthService(Microsoft.AspNetCore.Builder.IApplicationBuilder)">
            <summary></summary>
            <param name="app"></param>
        </member>
        <member name="T:LAPISSeverWebAPI.CorsService.SqlsugarSetup">
            <summary>SqlSugar 启动服务</summary>
        </member>
        <member name="M:LAPISSeverWebAPI.CorsService.SqlsugarSetup.AddSqlsugarSetup(Microsoft.Extensions.DependencyInjection.IServiceCollection)">
            <summary></summary>
            <param name="services"></param>
        </member>
        <member name="M:LAPISSeverWebAPI.Program.CreateHostBuilder(System.String[])">
            <summary></summary>
            <param name="args"></param>
            <returns></returns>
        </member>
        <member name="M:LAPISSeverWebAPI.Startup.ConfigureServices(Microsoft.Extensions.DependencyInjection.IServiceCollection)">
            <summary></summary>
            <param name="services"></param>
        </member>
        <member name="M:LAPISSeverWebAPI.Startup.ConfigureContainer(Autofac.ContainerBuilder)">
            <summary>注意在Program.CreateHostBuilder，添加Autofac服务工厂</summary>
            <param name="builder"></param>
        </member>
        <member name="M:LAPISSeverWebAPI.Startup.Configure(Microsoft.AspNetCore.Builder.IApplicationBuilder,Microsoft.AspNetCore.Hosting.IWebHostEnvironment,Microsoft.Extensions.Logging.ILoggerFactory)">
            <summary></summary>
            <param name="app"></param>
            <param name="env"></param>
            <param name="logger"></param>
        </member>
    </members>
</doc>
